frame,t,elbow_angle,knee_angle,phase,rep,fps
0,6.021139499998753,,,unknown,0,0.2
1,6.166507299998557,,,unknown,0,0.8
2,6.2381174999991345,,,unknown,0,2.2
3,6.2893047999987175,,,unknown,0,3.9
4,6.339484399999492,,,unknown,0,5.5
5,6.38731099999859,,,unknown,0,7.0
6,6.458706199999142,,,unknown,0,7.7
7,6.509287299999414,,,unknown,0,8.9
8,6.564113599999473,,,unknown,0,9.9
9,6.619645999999193,,,unknown,0,10.7
10,6.689372099999673,,,unknown,0,11.0
11,7.427403699999559,,,unknown,0,13.6
12,7.480403499999738,,,unknown,0,14.1
13,7.530818899998849,,,unknown,0,14.7
14,7.587320099999488,,,unknown,0,15.0
15,7.6386293999985355,,,unknown,0,15.4
16,7.702567099999214,,,unknown,0,15.5
17,7.756710499999826,,,unknown,0,15.8
18,7.817769899998893,,,unknown,0,15.8
19,7.87292669999988,,,unknown,0,16.1
20,7.942192599999544,,,unknown,0,15.9
21,8.00256829999853,,,unknown,0,16.0
22,8.06878239999969,,,unknown,0,15.9
23,8.12494279999919,,,unknown,0,16.1
24,8.20428229999925,,,unknown,0,15.7
25,8.26770899999974,,,unknown,0,15.7
26,8.329479699999865,,,unknown,0,15.8
27,8.388064899998426,,,unknown,0,15.9
28,8.44093409999914,,,unknown,0,16.2
29,8.506983499999478,,,unknown,0,16.1
30,8.575449399999343,,,unknown,0,15.9
31,8.629772099999172,,,unknown,0,16.2
32,8.69813719999911,,,unknown,0,16.0
33,8.760932499999399,,,unknown,0,16.0
34,8.819222499998432,,,unknown,0,16.1
35,8.878805899999861,,,unknown,0,16.2
36,8.935801399999036,,,unknown,0,16.3
37,9.007054899999275,,,unknown,0,16.1
38,9.060033699999622,,,unknown,0,16.4
39,9.116221099999166,,,unknown,0,16.5
40,9.171325799999977,,,unknown,0,16.7
41,9.231362499998795,,,unknown,0,16.7
42,9.299247599999944,,,unknown,0,16.5
43,9.3494699999992,,,unknown,0,16.8
44,9.40274219999992,,,unknown,0,17.0
45,9.467035099998611,,,unknown,0,16.9
46,9.529881699998441,,,unknown,0,16.8
47,9.588897599998745,,,unknown,0,16.8
48,9.647201499999937,,,unknown,0,16.8
49,9.735889199999292,,,unknown,0,16.3
50,9.835026599999765,,,unknown,0,15.7
51,9.946811799998613,,,unknown,0,15.0
52,10.040725799999564,,169.3,up,0,14.6
53,10.12823489999937,,177.1,up,0,14.2
54,10.196389299999282,,178.3,up,0,14.3
55,10.258995899999718,,174.6,up,0,14.5
56,10.347899499998675,,173.2,up,0,14.1
57,10.41207570000006,,171.5,up,0,14.3
58,10.480542799999967,,177.7,up,0,14.3
59,10.555815899999288,,177.2,up,0,14.2
60,10.614848100000017,,177.6,up,0,14.5
61,10.672615599998608,,178.0,up,0,14.8
62,10.740580099998624,,172.8,up,0,14.8
63,10.804578100000072,,180.0,up,0,14.8
64,10.878749499999685,,169.2,up,0,14.7
65,10.94528050000008,,167.7,up,0,14.7
66,11.016737599999033,,176.6,up,0,14.7
67,11.080687799998486,,169.0,up,0,14.8
68,11.145577899998898,,171.0,up,0,14.8
69,11.21123179999995,,167.8,up,0,14.9
70,11.276562499999272,,173.0,up,0,14.9
71,11.343141299999843,,173.8,up,0,14.9
72,11.421008999999685,,174.5,up,0,14.7
73,11.484275599999819,,178.8,up,0,14.8
74,11.555252599999221,,176.5,up,0,14.8
75,11.637725199998386,,165.2,up,0,14.5
76,11.698250099998404,,175.5,up,0,14.7
77,11.76618039999994,,175.1,up,0,14.7
78,11.841691899999205,,178.5,up,0,14.5
79,11.903535699999338,,166.0,up,0,14.7
80,11.970465099999274,,164.3,up,0,14.7
81,12.034107999999833,,158.7,up,0,14.8
82,12.09888359999968,,171.9,up,0,14.9
83,12.170933899999,,173.8,up,0,14.8
84,12.232087200000024,,179.3,up,0,14.9
85,12.304763000000094,,178.6,up,0,14.8
86,12.363135300000067,,176.0,up,0,15.1
87,12.431793599998855,,160.9,up,0,15.0
88,12.517641499998717,,166.4,up,0,14.7
89,12.578054199999315,,178.9,up,0,14.9
90,12.64090049999868,,178.2,up,0,15.0
91,12.715189699998518,,177.3,up,0,14.8
92,12.77732879999894,,170.2,up,0,14.9
93,12.852893199999016,,158.8,up,0,14.8
94,12.936351999998806,,145.5,up,0,14.5
95,13.007365899999058,,146.4,up,0,14.5
96,13.078953700000056,,155.1,up,0,14.4
97,13.152610600000116,,156.0,up,0,14.3
98,13.215453899998465,,156.2,up,0,14.5
99,13.283385299999281,,160.1,up,0,14.5
100,13.349604199998794,,158.4,up,0,14.6
101,13.420073699999193,,152.7,up,0,14.5
102,13.481718699998964,,154.1,up,0,14.7
103,13.539783700000044,,156.1,up,0,14.9
104,13.688100100000156,,162.8,up,0,14.8
105,13.768672000000151,,165.1,up,0,14.5
106,13.91345790000014,,163.3,up,0,14.4
107,13.97861489999923,,163.2,up,0,14.5
108,14.054115699998874,,162.5,up,0,14.4
109,14.118088100000023,,162.7,up,0,14.5
110,14.179104499999085,,162.1,up,0,14.7
111,14.243635799999538,,159.4,up,0,14.8
112,14.305408299998817,,159.7,up,0,14.9
113,14.366822799998772,,158.1,up,0,15.0
114,14.427323599999,,151.0,up,0,15.2
115,14.489086300000054,,150.3,up,0,15.3
116,14.553260699998646,,150.6,up,0,15.3
117,14.61388579999948,,153.8,up,0,15.4
118,14.692169599999033,,155.4,up,0,15.2
119,14.75484829999914,,153.8,up,0,15.3
120,14.815970599998764,,147.6,up,0,15.4
121,14.894970499999545,,144.9,up,0,15.1
122,14.950391099999251,,145.0,up,0,15.4
123,15.021350999999413,,145.2,up,0,15.3
124,15.097493499999473,,146.5,up,0,15.0
125,15.163464399998702,,148.4,up,0,15.1
126,15.22840670000005,,150.1,up,0,15.1
127,15.328664599999684,,151.7,up,0,14.6
128,15.39367029999994,,154.8,up,0,14.7
129,15.469046099999105,,155.2,up,0,14.5
130,15.55508159999954,,154.8,up,0,14.2
131,15.615080699999453,,154.2,up,0,14.5
132,15.677024099999471,,156.9,up,0,14.6
133,15.747858699998687,,155.2,up,0,14.6
134,15.813465699999142,,154.8,up,0,14.7
135,15.886945000000196,,156.8,up,0,14.5
136,15.98194169999988,,159.8,up,0,14.1
137,16.04942309999933,,161.2,up,0,14.2
138,16.12356959999852,,163.5,up,0,14.1
139,16.196590199999264,,164.4,up,0,14.1
140,16.260783699999592,,164.7,up,0,14.2
141,16.32891319999908,,165.9,up,0,14.3
142,16.41158059999907,,166.7,up,0,14.1
143,16.478960200000074,,167.7,up,0,14.1
144,16.541738500000065,,168.1,up,0,14.3
145,16.62330909999946,,168.0,up,0,14.1
146,16.682900599998902,,168.0,up,0,14.4
147,16.74302809999972,,168.2,up,0,14.6
148,16.802286599999206,,167.7,up,0,14.8
149,16.871662300000025,,168.0,up,0,14.8
150,16.933466799999223,,166.2,up,0,14.9
151,16.99609959999907,,165.3,up,0,15.0
152,17.064498199999434,,166.2,up,0,15.0
153,17.125664199998937,,167.1,up,0,15.1
154,17.19819379999899,,167.2,up,0,15.0
155,17.277353800000128,,170.2,up,0,14.8
156,17.355207799999334,,164.4,up,0,14.6
157,17.42304409999997,,160.9,up,0,14.6
158,17.50325249999878,,159.5,up,0,14.4
159,17.57151359999989,,158.2,up,0,14.4
160,17.633986599999844,,157.5,up,0,14.6
161,17.70345300000008,,170.7,up,0,14.5
162,17.770647199999075,,179.5,up,0,14.6
163,17.836706199999753,,180.0,up,0,14.6
164,17.911538299998938,,177.3,up,0,14.5
165,17.983198799998718,,175.3,up,0,14.5
166,18.259097899999688,,170.3,up,0,14.5
167,18.33344969999962,,179.4,up,0,14.4
168,18.4181109000001,,173.0,up,0,14.1
169,18.480245499999,,156.3,up,0,14.3
170,18.540888800000175,,160.8,up,0,14.5
171,18.61211430000003,,156.7,up,0,14.5
172,18.67395949999991,,162.1,up,0,14.7
173,18.73474829999941,,159.9,up,0,14.8
174,18.811694299998635,,159.5,up,0,14.7
175,18.94741459999932,,179.5,up,0,14.7
176,19.308251699998436,,141.1,up,0,14.4
177,19.508741999999984,,167.7,up,0,14.6
178,19.568402400000195,,174.2,up,0,14.8
179,19.628367999999682,,173.0,up,0,15.0
180,19.698484999998982,,170.5,up,0,14.9
181,19.763534499999878,,170.2,up,0,14.9
182,19.834514399999534,,166.0,up,0,14.9
183,20.23801999999887,,176.5,up,0,15.0
184,20.44930469999963,,174.9,up,0,14.8
185,22.738511300000027,,,unknown,0,15.0
186,22.79236039999887,,,unknown,0,15.4
187,22.844848799999454,,,unknown,0,15.8
188,22.90338789999987,,,unknown,0,15.9
189,22.98023639999883,,,unknown,0,15.6
190,23.036994299998696,,,unknown,0,15.8
191,23.09086699999898,,,unknown,0,16.1
192,23.154959999999846,,,unknown,0,16.0
193,23.22224180000012,,,unknown,0,15.9
194,23.27705959999912,,,unknown,0,16.2
195,23.339611100000184,,,unknown,0,16.1
196,23.40432039999905,,,unknown,0,16.1
197,23.45824729999913,,,unknown,0,16.3
198,23.515140999999858,,,unknown,0,16.4
199,23.57159169999977,,,unknown,0,16.6
200,23.63122469999871,,,unknown,0,16.6
201,23.692271799998707,,,unknown,0,16.6
202,23.74229539999942,,,unknown,0,16.9
203,23.806668199998967,,,unknown,0,16.8
204,23.87105799999881,,,unknown,0,16.6
205,23.9315235999984,,,unknown,0,16.6
206,23.99448569999913,,,unknown,0,16.6
207,24.066308899999058,,,unknown,0,16.3
208,24.124963299998853,,,unknown,0,16.4
209,24.186133999999583,,,unknown,0,16.4
210,24.245717499999955,,,unknown,0,16.4
211,24.296379199999137,,,unknown,0,16.7
212,24.356116299999485,,,unknown,0,16.7
213,24.410118499999953,,,unknown,0,16.9
214,24.468286199999056,,,unknown,0,16.9
215,24.53082809999978,,,unknown,0,16.9
216,24.58734689999983,,,unknown,0,16.9
217,24.646425999999337,,,unknown,0,16.9
218,24.703244199999972,,,unknown,0,17.0
219,24.762584299998707,,,unknown,0,17.0
220,24.828644199998962,,,unknown,0,16.8
221,24.89598119999937,,,unknown,0,16.6
222,24.950511999999435,,,unknown,0,16.8
223,25.000612799998635,,,unknown,0,17.1
224,25.052682099998492,,,unknown,0,17.3
225,25.119263799999317,,,unknown,0,17.1
226,25.17096859999947,,,unknown,0,17.3
227,25.234012199998688,,,unknown,0,17.2
228,25.291921799998818,,,unknown,0,17.2
229,25.364813299998787,,,unknown,0,16.8
230,25.424906299998838,,,unknown,0,16.8
231,25.486885499998607,,,unknown,0,16.7
232,25.54227879999962,,,unknown,0,16.9
233,25.60442409999996,,,unknown,0,16.8
234,25.661106499999732,,,unknown,0,16.9
235,25.71223309999914,,,unknown,0,17.1
236,25.772543099999893,,,unknown,0,17.1
237,25.836083099999087,,,unknown,0,17.0
238,25.897296899998764,,,unknown,0,16.9
239,25.948801499998808,,,unknown,0,17.1
240,26.004930399998557,,,unknown,0,17.2
241,26.061952299998666,,,unknown,0,17.2
242,26.122850599998856,,,unknown,0,17.2
243,26.17012849999992,,,unknown,0,17.6
244,26.234258399999817,,,unknown,0,17.4
245,26.296373799999856,,,unknown,0,17.2
246,26.35122499999852,,,unknown,0,17.3
247,26.41976429999886,,,unknown,0,17.1
248,26.47742399999879,,,unknown,0,17.1
249,26.533485999998447,,,unknown,0,17.2
250,26.597816199999215,,,unknown,0,17.0
251,26.655844499999148,,,unknown,0,17.0
252,26.70637429999988,,,unknown,0,17.3
253,26.768702499999563,,,unknown,0,17.2
254,26.820069699999294,,,unknown,0,17.4
255,26.8906537999992,,,unknown,0,17.1
256,26.956377799999245,,,unknown,0,16.9
257,27.006281699999818,,,unknown,0,17.2
258,27.071089899998697,,,unknown,0,17.0
259,27.122763599998507,,,unknown,0,17.3
260,27.179343699999663,,,unknown,0,17.3
261,27.234506699998747,,,unknown,0,17.4
262,27.30098849999922,,,unknown,0,17.2
263,27.360584799998833,,,unknown,0,17.1
264,27.427427099999477,,,unknown,0,16.9
265,27.491124799998943,,,unknown,0,16.8
266,27.546428099998593,,,unknown,0,16.9
267,27.595851299998685,,,unknown,0,17.2
268,27.648703099999693,,,unknown,0,17.4
269,27.716032399999676,,,unknown,0,17.2
270,27.767945099998542,,,unknown,0,17.4
271,27.831086700000014,,,unknown,0,17.2
272,27.887696399999186,,,unknown,0,17.3
273,27.950596199998472,,,unknown,0,17.1
274,28.00407119999909,,,unknown,0,17.3
275,28.06140669999877,,,unknown,0,17.3
276,28.127862999999707,,,unknown,0,17.1
277,28.185113300000012,,,unknown,0,17.1
278,28.234689699998853,,,unknown,0,17.4
279,28.28843979999874,,,unknown,0,17.5
280,28.3453585999996,,,unknown,0,17.5
281,28.40427119999913,,,unknown,0,17.5
282,28.45658529999855,,,unknown,0,17.6
283,28.5102040999991,,,unknown,0,17.7
284,28.558302399998865,,,unknown,0,18.1
285,28.618396299998494,,,unknown,0,17.9
286,28.682900599998902,,,unknown,0,17.7
287,28.74090079999951,,,unknown,0,17.6
288,28.79770019999887,,,unknown,0,17.6
289,28.861774899998636,,,unknown,0,17.4
290,28.928126699998757,,,unknown,0,17.2
291,28.982287899998482,,,unknown,0,17.3
292,29.04625599999963,,,unknown,0,17.1
293,29.098551199998838,,,unknown,0,17.3
294,29.163280400000076,,,unknown,0,17.2
295,29.23022039999887,,,unknown,0,16.9
296,29.29073579999931,,,unknown,0,16.9
297,29.363471999999092,,,unknown,0,16.6
298,29.41337289999865,,,unknown,0,16.9
299,29.48676119999982,,,unknown,0,16.6
300,29.54162709999946,,,unknown,0,16.8
301,29.59326129999863,,,unknown,0,17.0
302,29.65581259999999,,,unknown,0,16.9
303,29.720239399999627,,,unknown,0,16.8
304,29.78679000000011,,,unknown,0,16.6
305,29.846116799999436,,,unknown,0,16.6
306,29.912277800000084,,,unknown,0,16.5
307,29.975449199999275,,,unknown,0,16.4
308,30.02801929999987,,,unknown,0,16.7
309,31.113930899999104,,178.0,up,0,14.1
310,31.175304999998843,,174.0,up,0,14.3
311,31.247844099998474,,177.3,up,0,14.2
312,31.312765299999228,,176.3,up,0,14.4
313,31.377170199999455,,177.6,up,0,14.5
314,31.447661499998503,,176.2,up,0,14.4
315,31.50581669999883,,169.2,up,0,14.7
316,31.565536099999008,,154.2,up,0,14.9
317,31.634420799999134,,154.5,up,0,14.9
318,31.699281600000177,,153.5,up,0,14.9
319,31.757261699998708,,156.8,up,0,15.2
320,31.828554599998824,,157.8,up,0,15.1
321,31.911425299998882,,159.4,up,0,14.8
322,31.98744699999952,,158.9,up,0,14.6
323,32.057922599999074,,155.4,up,0,14.6
324,32.11484289999862,,157.4,up,0,14.9
325,32.17801299999883,,159.1,up,0,15.0
326,32.23943650000001,,158.9,up,0,15.1
327,32.3037762999993,,160.4,up,0,15.1
328,32.36786249999932,,159.2,up,0,15.2
329,32.42935909999869,,159.2,up,0,15.3
330,32.49519270000019,,158.5,up,0,15.3
331,32.564619999999195,,161.4,up,0,15.2
332,32.638821200000166,,163.5,up,0,15.0
333,32.7009608999997,,164.6,up,0,15.1
334,32.770380699999805,,164.4,up,0,15.1
335,32.84837460000017,,164.6,up,0,14.8
336,32.92915489999905,,165.8,up,0,14.6
337,32.9931531000002,,165.9,up,0,14.7
338,33.057271099998616,,166.0,up,0,14.8
339,33.11857090000012,,166.0,up,0,14.9
340,33.18556720000015,,165.4,up,0,14.9
341,33.246166599999924,,164.1,up,0,15.1
342,33.30593399999998,,157.9,up,0,15.3
343,33.36091359999955,,153.2,up,0,15.5
344,33.4320031999996,,150.5,up,0,15.4
345,33.48809979999896,,145.6,up,0,15.6
346,33.5629743999998,,139.2,up,0,15.4
347,33.64255339999909,,129.6,up,0,15.1
348,33.71375959999932,,116.3,up,0,15.0
349,33.78150639999876,,112.1,up,0,15.0
350,33.863102599998456,,106.8,up,0,14.7
351,33.92836989999887,,103.8,up,0,14.8
352,33.99929279999924,,90.6,down,0,14.7
353,34.075269999999364,,86.4,down,0,14.6
354,34.14117339999939,,78.8,down,0,14.6
355,34.19502619999912,,76.6,down,0,15.0
356,34.26932659999875,,73.9,down,0,14.9
357,34.34401909999906,,64.1,down,0,14.7
358,34.41716649999944,,64.4,down,0,14.6
359,34.49239010000019,,61.6,down,0,14.5
360,34.57074359999933,,63.0,down,0,14.3
361,34.63240219999898,,64.7,down,0,14.5
362,34.70592679999936,,65.5,down,0,14.4
363,34.77010439999867,,68.7,down,0,14.5
364,34.831378799999584,,73.9,down,0,14.7
365,34.90517659999932,,84.4,down,0,14.6
366,34.96428239999841,,90.1,down,0,14.8
367,35.027823299999,,95.5,down,0,14.9
368,35.08779499999946,,102.7,up,0,15.1
369,35.17189150000013,,124.9,up,0,14.8
370,35.23443529999895,,131.6,up,0,14.9
371,35.29524479999964,,146.4,up,0,15.0
372,35.373719999999594,,150.6,up,0,14.8
373,35.439280399999916,,154.4,up,0,14.9
374,35.512607099999514,,166.5,up,0,14.7
375,35.5906759999998,,169.0,up,0,14.5
376,35.664510900000096,,169.8,up,1,14.4
377,35.7303694000002,,171.4,up,1,14.5
378,35.792037600000185,,170.5,up,1,14.7
379,35.85507099999995,,171.4,up,1,14.8
380,35.92158829999971,,171.3,up,1,14.8
381,35.99815599999965,,171.0,up,1,14.7
382,36.06246359999932,,171.9,up,1,14.7
383,36.12564409999868,,171.7,up,1,14.9
384,36.18740739999885,,171.2,up,1,15.0
385,36.26422739999907,,170.8,up,1,14.8
386,36.324580599999535,,170.1,up,1,15.0
387,36.386332799998854,,169.5,up,1,15.1
388,36.45652979999977,,158.4,up,1,15.0
389,36.51487180000004,,154.8,up,1,15.2
390,36.578774199999316,,150.5,up,1,15.3
391,36.654380500000116,,144.7,up,1,15.1
392,36.71505559999969,,118.4,up,1,15.2
393,36.772193400000106,,113.7,up,1,15.4
394,36.83356559999993,,107.8,up,1,15.5
395,36.89996400000018,,91.8,down,1,15.5
396,36.9648830999995,,87.1,down,1,15.5
397,37.02660069999911,,83.3,down,1,15.5
398,37.09174649999841,,81.8,down,1,15.5
399,37.157817799999975,,71.2,down,1,15.5
400,37.21884059999866,,68.1,down,1,15.6
401,37.294844599999124,,64.3,down,1,15.3
402,37.35922930000015,,63.0,down,1,15.4
403,37.42199029999938,,63.6,down,1,15.4
404,37.48299929999848,,64.5,down,1,15.5
405,37.56103139999868,,74.1,down,1,15.2
406,37.636745199999496,,80.7,down,1,15.0
407,37.72064080000018,,101.1,up,1,14.7
408,37.78933529999995,,108.4,up,1,14.7
409,37.85456759999943,,113.0,up,1,14.8
410,37.92686369999865,,139.7,up,1,14.7
411,37.996114300000045,,146.5,up,1,14.7
412,38.05676659999881,,157.1,up,1,14.8
413,38.1206001999999,,163.0,up,1,14.9
414,38.19594639999923,,166.5,up,1,14.8
415,38.260396699999546,,169.3,up,2,14.8
416,38.32434949999879,,168.9,up,2,14.9
417,38.39645810000002,,168.9,up,2,14.8
418,38.4657258999996,,170.2,up,2,14.8
419,38.52545039999859,,170.3,up,2,15.0
420,38.59217129999888,,169.2,up,2,15.0
421,38.67067849999876,,168.5,up,2,14.7
422,38.73162339999908,,166.0,up,2,14.9
423,38.80657369999972,,159.6,up,2,14.8
424,38.87515910000002,,141.5,up,2,14.7
425,38.954633399998784,,133.5,up,2,14.5
426,39.021025899999586,,109.3,up,2,14.6
427,39.08796470000016,,94.6,down,2,14.6
428,39.1430752999986,,88.9,down,2,15.0
429,39.202780300000086,,82.6,down,2,15.1
430,39.2707894999985,,76.4,down,2,15.1
431,39.33925449999879,,71.9,down,2,15.1
432,39.40468409999994,,68.0,down,2,15.1
433,39.476730399999724,,66.6,down,2,15.0
434,39.53871599999911,,67.0,down,2,15.1
435,39.602991399999155,,67.7,down,2,15.1
436,39.67763079999895,,74.6,down,2,14.9
437,39.74215849999928,,76.7,down,2,15.0
438,39.80212599999868,,96.2,down,2,15.2
439,39.87161269999888,,107.5,up,2,15.1
440,39.94411839999884,,118.6,up,2,15.0
441,40.009609899998395,,125.1,up,2,15.0
442,40.090431999999055,,145.0,up,2,14.7
443,40.1646114999985,,148.5,up,2,14.6
444,40.22121909999987,,162.9,up,2,14.9
445,40.285034799999266,,169.5,up,2,15.0
446,40.35996669999986,,169.6,up,2,14.8
447,40.4288861999994,,170.0,up,3,14.8
448,40.495485599998574,,171.5,up,3,14.8
449,40.57394620000014,,169.1,up,3,14.6
450,40.63975019999998,,167.0,up,3,14.7
451,40.705292599999666,,164.7,up,3,14.7
452,40.76416179999978,,163.1,up,3,15.0
453,40.83110879999913,,162.7,up,3,15.0
454,40.8952520999992,,144.2,up,3,15.0
455,40.959397999999055,,138.6,up,3,15.1
456,41.026780499998495,,116.1,up,3,15.0
457,41.08918429999903,,101.0,up,3,15.1
458,41.15737999999874,,94.1,down,3,15.1
459,41.24510389999887,,85.4,down,3,14.7
460,41.32439669999985,,72.7,down,3,14.5
461,41.39056179999898,,68.4,down,3,14.6
462,41.47527709999849,,64.1,down,3,14.3
463,41.54808689999845,,65.6,down,3,14.2
464,41.61892850000004,,68.8,down,3,14.2
465,41.70215129999997,,71.4,down,3,14.0
466,41.764987499998824,,74.9,down,3,14.2
467,41.83413879999898,,81.7,down,3,14.2
468,41.91026679999959,,90.7,down,3,14.1
469,41.981079999999565,,116.2,up,3,14.1
470,42.058740299999045,,125.7,up,3,14.0
471,42.13632679999864,,139.4,up,3,13.9
472,42.194261699998606,,150.0,up,3,14.2
473,42.26144009999916,,154.1,up,3,14.3
474,42.33653249999952,,156.8,up,3,14.2
475,42.414782699999705,,169.1,up,3,14.0
476,42.472901600000114,,171.1,up,4,14.4
477,42.552112899998974,,171.5,up,4,14.2
478,42.618311999998696,,169.5,up,4,14.3
479,42.6832231999997,,171.9,up,4,14.4
480,42.75716560000001,,171.9,up,4,14.3
481,42.81616489999942,,171.5,up,4,14.6
482,42.87869349999892,,171.2,up,4,14.7
483,42.956944999999905,,170.7,up,4,14.5
484,43.0219535999986,,170.0,up,4,14.6
485,43.0878718999993,,170.1,up,4,14.7
486,43.163161699998454,,169.5,up,4,14.5
487,43.22522239999853,,166.9,up,4,14.7
488,43.29598269999951,,164.5,up,4,14.6
489,43.36747800000012,,151.7,up,4,14.6
490,43.42916249999871,,144.2,up,4,14.7
491,43.490561499998876,,136.5,up,4,14.9
492,43.54535140000007,,109.9,up,4,15.2
493,43.61803559999862,,101.7,up,4,15.1
494,43.6900743999995,,96.7,down,4,15.0
495,43.753804500000115,,84.0,down,4,15.0
496,43.830104999999094,,79.9,down,4,14.8
497,43.896451499998875,,73.4,down,4,14.9
498,43.95549140000003,,70.8,down,4,15.1
499,44.01939979999952,,68.2,down,4,15.1
500,44.10452919999989,,68.1,down,4,14.8
501,44.17787539999881,,72.5,down,4,14.7
502,44.259493999999904,,72.6,down,4,14.4
503,44.318952999999965,,86.8,down,4,14.7
504,44.38810620000004,,97.1,down,4,14.6
505,44.45569969999997,,102.0,up,4,14.7
506,44.54090069999984,,121.9,up,4,14.4
507,44.625434399998994,,138.4,up,4,14.1
508,44.706030699999246,,150.9,up,4,13.9
509,44.776483599998755,,155.5,up,4,14.0
510,44.84386359999917,,167.1,up,4,14.1
511,44.933828899998844,,167.9,up,4,13.8
512,45.00160129999858,,171.6,up,5,13.9
513,45.070223499998974,,173.5,up,5,13.9
514,45.1422750999991,,173.2,up,5,13.9
515,45.20471339999858,,172.7,up,5,14.1
516,45.26186869999947,,171.9,up,5,14.5
517,45.33026329999848,,172.9,up,5,14.5
518,45.403212899998834,,172.1,up,5,14.4
519,45.46783030000006,,172.4,up,5,14.5
520,45.52518139999847,,172.1,up,5,14.8
521,45.600858299998436,,169.3,up,5,14.6
522,45.66169489999993,,165.0,up,5,14.8
523,45.725254299999506,,163.5,up,5,14.9
524,45.811268099998415,,150.4,up,5,14.6
525,45.87906059999841,,141.5,up,5,14.6
526,45.94907280000007,,127.0,up,5,14.6
527,46.02341829999932,,108.1,up,5,14.5
528,46.08146889999989,,101.1,up,5,14.7
529,46.14633159999903,,97.5,down,5,14.8
530,46.21381370000017,,83.2,down,5,14.8
531,46.27521650000017,,79.3,down,5,15.0
532,46.33688029999939,,76.9,down,5,15.1
533,46.401213899998766,,71.1,down,5,15.1
534,46.486108299999614,,69.1,down,5,14.8
535,46.55687659999967,,69.2,down,5,14.7
536,46.645783399999345,,70.2,down,5,14.4
537,46.72553189999962,,72.3,down,5,14.2
538,46.78647279999859,,86.0,down,5,14.4
539,46.85132469999917,,93.3,down,5,14.5
540,46.936530899998615,,101.1,up,5,14.2
541,46.99516179999955,,122.2,up,5,14.5
542,47.080627399998775,,124.4,up,5,14.2
543,47.14980619999915,,150.3,up,5,14.3
544,47.213397099998474,,157.1,up,5,14.4
545,47.28068229999917,,162.4,up,5,14.5
546,47.35926749999999,,170.1,up,5,14.3
547,47.41768359999878,,170.1,up,6,14.6
548,47.48592479999934,,170.9,up,6,14.6
549,47.55113089999941,,170.9,up,6,14.6
550,47.617090599998846,,169.0,up,6,14.7
551,47.67475639999975,,170.4,up,6,15.0
552,47.73371429999861,,171.6,up,6,15.2
553,47.79274719999921,,171.4,up,6,15.3
554,47.852246299999024,,170.8,up,6,15.5
555,47.92591629999879,,170.5,up,6,15.3
556,48.00785409999844,,169.5,up,6,15.0
557,48.07134479999877,,165.9,up,6,15.1
558,48.139724699998624,,145.0,up,6,15.0
559,48.21370649999881,,134.5,up,6,14.9
560,48.286989399999584,,125.9,up,6,14.7
561,48.3495555999998,,103.0,up,6,14.9
562,48.42367259999992,,96.7,down,6,14.7
563,48.48081850000017,,88.9,down,6,15.0
564,48.54689700000017,,78.8,down,6,15.0
565,48.62281299999995,,75.7,down,6,14.8
566,48.68462649999856,,71.3,down,6,15.0
567,48.74967959999958,,66.4,down,6,15.0
568,48.81700009999986,,63.9,down,6,15.0
569,48.88487600000008,,64.0,down,6,15.0
570,48.95028459999958,,70.8,down,6,15.0
571,49.02000959999896,,73.0,down,6,14.9
572,49.09525349999967,,73.8,down,6,14.8
573,49.153145700000096,,96.5,down,6,15.0
574,49.22038249999969,,102.2,up,6,15.0
575,49.29381039999862,,127.6,up,6,14.9
576,49.36558319999858,,134.5,up,6,14.8
577,49.42567599999893,,142.7,up,6,15.0
578,49.49197219999951,,147.2,up,6,15.0
579,49.558954000000085,,163.7,up,6,15.0
580,49.61585019999984,,169.8,up,6,15.2
581,49.67750849999902,,173.3,up,6,15.3
582,49.74744119999923,,173.3,up,7,15.2
583,49.81473919999917,,174.7,up,7,15.2
584,49.87662619999901,,175.0,up,7,15.3
585,49.96018049999839,,173.4,up,7,15.0
586,50.02429849999862,,174.3,up,7,15.0
587,50.08919269999933,,172.1,up,7,15.1
588,50.15364489999956,,170.5,up,7,15.1
589,50.22091939999882,,169.6,up,7,15.1
590,50.284625700000106,,169.3,up,7,15.1
591,50.356552100000044,,161.2,up,7,15.0
592,50.424446799999714,,154.1,up,7,15.0
593,50.48523549999845,,128.9,up,7,15.1
594,50.55651409999882,,118.4,up,7,15.0
595,50.62375139999858,,112.5,up,7,15.0
596,50.68530959999953,,107.8,up,7,15.1
597,50.74768969999968,,85.1,down,7,15.2
598,50.82318579999992,,82.5,down,7,15.0
599,50.88033319999886,,80.2,down,7,15.3
600,50.93806549999863,,73.8,down,7,15.5
601,50.99676599999839,,69.0,down,7,15.6
602,51.05892949999907,,66.7,down,7,15.7
603,51.12298980000014,,65.9,down,7,15.7
604,51.18546199999946,,69.9,down,7,15.7
605,51.254978399998436,,73.4,down,7,15.6
606,51.31174250000004,,74.7,down,7,15.8
607,51.390505599998505,,88.7,down,7,15.5
608,51.46330709999893,,96.7,down,7,15.3
609,51.52150900000015,,104.8,up,7,15.5
610,51.58095580000008,,125.3,up,7,15.6
611,51.66810609999993,,135.5,up,7,15.2
612,51.73248629999944,,151.9,up,7,15.2
613,51.79268579999916,,159.9,up,7,15.4
614,51.84897899999851,,166.8,up,7,15.6
615,51.92444350000005,,165.8,up,7,15.4
616,51.99782400000004,,169.6,up,8,15.2
617,52.06740069999978,,172.4,up,8,15.1
618,52.13660929999969,,171.9,up,8,15.1
619,52.19625309999901,,170.9,up,8,15.2
620,52.27091879999898,,172.9,up,8,15.0
621,52.35282389999884,,172.3,up,8,14.8
622,52.415554399998655,,172.7,up,8,14.9
623,52.47826769999847,,171.5,up,8,15.0
624,52.54532469999867,,171.0,up,8,15.0
625,52.61640660000012,,170.9,up,8,14.9
626,52.68688539999857,,170.7,up,8,14.8
627,52.76266349999969,,169.2,up,8,14.7
628,52.83898529999897,,167.2,up,8,14.5
629,52.90999389999888,,155.6,up,8,14.5
630,52.98295859999962,,147.4,up,8,14.4
631,53.075096499998835,,140.7,up,8,14.0
632,53.14694899999995,,115.7,up,8,14.0
633,53.23822399999881,,108.9,up,8,13.7
634,53.33114310000019,,88.4,down,8,13.4
635,53.41343689999849,,74.4,down,8,13.3
636,53.48023060000014,,72.5,down,8,13.5
637,53.54991209999935,,67.9,down,8,13.5
638,53.61699829999998,,65.2,down,8,13.7
639,53.6845701000002,,65.0,down,8,13.8
640,53.758879299999535,,72.2,down,8,13.8
641,53.84128249999958,,74.5,down,8,13.6
642,53.916366299999936,,75.8,down,8,13.6
643,53.97844879999866,,94.9,down,8,13.8
644,54.0468364999997,,102.7,up,8,13.9
645,54.11592639999981,,107.9,up,8,14.0
646,54.176344399998925,,127.0,up,8,14.2
647,54.24228690000018,,136.2,up,8,14.3
648,54.31601999999839,,141.7,up,8,14.2
649,54.377674999999726,,156.2,up,8,14.4
650,54.434647699999914,,163.3,up,8,14.7
651,54.50349679999999,,164.5,up,8,14.7
652,54.564096099999006,,169.6,up,8,14.9
653,54.62635760000012,,169.8,up,9,15.0
654,54.683761099999174,,168.0,up,9,15.3
655,54.752667499999006,,171.5,up,9,15.2
656,54.81678759999886,,172.5,up,9,15.2
657,54.88480309999977,,170.7,up,9,15.2
658,54.9625673999999,,170.4,up,9,14.9
659,55.01812280000013,,169.9,up,9,15.2
660,55.08178520000001,,169.4,up,9,15.3
661,55.15032699999938,,168.9,up,9,15.2
662,55.21616829999948,,169.0,up,9,15.2
663,55.273873999998614,,168.5,up,9,15.4
664,55.3363518999995,,167.2,up,9,15.5
665,55.415570999999545,,158.7,up,9,15.2
666,55.485160399999586,,153.2,up,9,15.1
667,55.56982359999893,,146.2,up,9,14.8
668,55.64579849999973,,124.1,up,9,14.6
669,55.716519899999184,,116.6,up,9,14.6
670,55.780301799999506,,93.8,down,9,14.7
671,55.86508039999899,,88.0,down,9,14.4
672,55.92730010000014,,83.9,down,9,14.6
673,56.007265299998835,,75.3,down,9,14.4
674,56.086826499999006,,73.6,down,9,14.2
675,56.14953079999941,,67.4,down,9,14.4
676,56.213433499999155,,64.5,down,9,14.5
677,56.2926940999987,,65.8,down,9,14.3
678,56.36559959999977,,72.4,down,9,14.2
679,56.43705819999923,,74.8,down,9,14.2
680,56.5156379,,86.9,down,9,14.1
681,56.580753799999,,95.0,down,9,14.2
682,56.65199329999996,,116.5,up,9,14.2
683,56.72143799999867,,119.4,up,9,14.2
684,56.78116929999851,,127.1,up,9,14.5
685,56.84545299999991,,133.1,up,9,14.6
686,56.92062879999867,,151.4,up,9,14.4
687,56.975505799999155,,155.6,up,9,14.8
688,57.036267899999075,,160.8,up,9,15.0
689,57.115796399999454,,171.3,up,9,14.7
690,57.18042069999865,,174.4,up,10,14.8
691,118.76383609999903,,158.9,up,0,13.3
692,118.92699249999896,,160.9,up,0,12.6
693,119.03038729999935,,161.2,up,0,12.3
694,119.11043539999991,,165.9,up,0,12.3
695,119.17436099999941,,167.3,up,0,12.7
696,119.24308169999858,,167.0,up,0,12.9
697,119.30589409999993,,167.6,up,0,13.2
698,119.36643939999885,,168.2,up,0,13.5
699,119.43440509999891,,167.7,up,0,13.6
700,119.49308239999846,,168.0,up,0,14.0
701,119.56527109999843,,167.4,up,0,14.0
702,119.6273498999999,,168.4,up,0,14.2
703,119.70217319999938,,168.7,up,0,14.1
704,119.77049759999863,,168.4,up,0,14.1
705,119.830423899999,,166.9,up,0,14.4
706,119.90877649999857,,164.6,up,0,14.2
707,119.97375920000013,,160.6,up,0,14.3
708,120.03534969999964,,159.8,up,0,14.5
709,120.10030109999934,,159.4,up,0,14.6
710,120.16348809999909,,160.3,up,0,14.7
711,120.23592599999938,,160.3,up,0,14.6
712,120.29207169999972,,160.1,up,0,15.0
713,120.36781100000007,,159.9,up,0,14.8
714,120.42850519999956,,156.8,up,0,15.0
715,120.49712219999856,,157.8,up,0,14.9
716,120.56308689999969,,155.8,up,0,14.9
717,120.6299156999994,,160.2,up,0,14.9
718,120.691534399999,,159.6,up,0,15.1
719,120.76756879999994,,160.1,up,0,14.9
720,120.82898539999951,,161.7,up,0,15.0
721,120.90371699999923,,162.3,up,0,14.9
722,120.97728939999979,,161.6,up,0,14.7
723,121.03867079999873,,159.6,up,0,14.9
724,121.09395059999952,,156.6,up,0,15.2
725,121.15515769999911,,153.4,up,0,15.3
726,121.2240540999992,,152.4,up,0,15.2
727,121.28723899999932,,153.6,up,0,15.3
728,121.35116609999932,,153.0,up,0,15.3
729,121.41551829999844,,162.9,up,0,15.4
730,121.4810452999991,,166.6,up,0,15.3
731,121.5413908999999,,169.9,up,0,15.5
732,121.60351679999985,,170.8,up,0,15.5
733,121.67748419999953,,171.3,up,0,15.3
734,121.75594329999876,,171.5,up,0,15.1
735,121.83022619999974,,168.2,up,0,14.9
736,121.88958679999996,,166.6,up,0,15.1
737,121.94871359999888,,166.2,up,0,15.3
738,122.00573399999848,,166.6,up,0,15.5
739,122.0823978999997,,167.4,up,0,15.3
740,122.15198119999877,,167.3,up,0,15.2
741,122.22302829999899,,168.2,up,0,15.1
742,122.29955299999892,,167.6,up,0,14.9
743,122.36490830000002,,168.5,up,0,14.9
744,122.41847599999892,,168.7,up,0,15.3
745,122.4984902999986,,168.4,up,0,15.0
746,122.56306129999939,,166.1,up,0,15.1
747,122.62464989999899,,151.1,up,0,15.2
748,122.6882057999992,,142.8,up,0,15.2
749,122.76610009999968,,136.7,up,0,15.0
750,122.82051689999935,,117.0,up,0,15.3
751,122.8944264999991,,109.3,up,0,15.1
752,122.95743619999848,,105.5,up,0,15.2
753,123.02496239999891,,92.0,down,0,15.2
754,123.09166009999899,,86.8,down,0,15.2
755,123.16056089999984,,82.2,down,0,15.1
756,123.21895179999956,,75.0,down,0,15.3
757,123.28927529999964,,72.0,down,0,15.2
758,123.36812859999918,,69.2,down,0,14.9
759,123.42893000000004,,63.8,down,0,15.1
760,123.48703639999985,,65.1,down,0,15.3
761,123.55686969999988,,64.9,down,0,15.2
762,123.63429569999971,,70.1,down,0,15.0
763,123.70402639999884,,70.5,down,0,14.9
764,123.7639006999998,,74.9,down,0,15.1
765,123.83126249999987,,94.6,down,0,15.1
766,123.8903577000001,,102.2,up,0,15.3
767,123.95735389999936,,108.9,up,0,15.2
768,124.033102899999,,131.4,up,0,15.0
769,124.10372579999967,,141.3,up,0,14.9
770,124.16656340000009,,144.2,up,0,15.0
771,124.24552349999976,,160.2,up,0,14.8
772,124.3008807999995,,167.1,up,0,15.1
773,124.37655069999892,,170.4,up,0,14.9
774,124.44196550000015,,169.5,up,1,15.0
775,124.50614489999862,,169.9,up,1,15.0
776,124.56180759999916,,171.1,up,1,15.3
777,124.6233857999996,,171.4,up,1,15.4
778,124.69512070000019,,171.3,up,1,15.3
779,124.76058329999978,,170.7,up,1,15.3
780,124.82864639999934,,169.9,up,1,15.2
781,124.90434669999922,,169.4,up,1,15.0
782,124.97497669999939,,169.0,up,1,14.9
783,125.04759729999932,,168.5,up,1,14.8
784,125.12515709999934,,166.1,up,1,14.6
785,125.19547759999841,,155.1,up,1,14.6
786,125.25886059999902,,147.9,up,1,14.7
787,125.33552729999974,,140.4,up,1,14.5
788,125.3951120999991,,124.1,up,1,14.8
789,125.45494859999963,,116.7,up,1,15.0
790,125.5183565999996,,108.3,up,1,15.0
791,125.58506010000019,,92.0,down,1,15.0
792,125.66021569999975,,87.8,down,1,14.9
793,125.73243550000007,,84.4,down,1,14.8
794,125.80701079999926,,79.1,down,1,14.6
795,125.86530439999842,,73.0,down,1,14.9
796,125.93114830000013,,71.9,down,1,14.9
797,125.99320949999856,,67.8,down,1,15.0
798,126.05275619999884,,67.5,down,1,15.2
799,126.11284889999843,,67.8,down,1,15.3
800,126.17042880000008,,68.3,down,1,15.5
801,126.23661709999942,,71.4,down,1,15.5
802,126.30063329999939,,73.6,down,1,15.5
803,126.36108229999991,,81.6,down,1,15.6
804,126.43954989999838,,99.2,down,1,15.3
805,126.50328629999967,,106.4,up,1,15.4
806,126.57846639999843,,110.9,up,1,15.2
807,126.66154619999907,,127.8,up,1,14.8
808,126.7444308999984,,134.2,up,1,14.6
809,126.80602849999923,,147.0,up,1,14.7
810,126.87465549999979,,153.2,up,1,14.7
811,126.94411199999922,,154.8,up,1,14.7
812,127.02019699999983,,161.3,up,1,14.5
813,127.09719009999935,,162.3,up,1,14.4
814,127.16624609999963,,166.5,up,1,14.4
815,127.23177469999973,,168.5,up,2,14.5
816,127.29931949999991,,168.0,up,2,14.5
817,127.3594009999997,,167.5,up,2,14.7
818,127.42895959999987,,166.7,up,2,14.7
819,127.50024609999855,,166.1,up,2,14.6
820,127.5675472999992,,165.0,up,2,14.6
821,127.62976009999875,,164.5,up,2,14.8
822,127.71054279999953,,157.0,up,2,14.5
823,127.79520359999879,,149.4,up,2,14.3
824,127.8691975999991,,144.1,up,2,14.2
825,127.9483597999988,,127.0,up,2,14.0
826,128.01355969999895,,119.4,up,2,14.2
827,128.07942360000015,,103.6,up,2,14.3
828,128.15224649999982,,97.8,down,2,14.2
829,128.2280699999992,,92.5,down,2,14.1
830,128.29012580000017,,83.3,down,2,14.3
831,128.3561264,,83.6,down,2,14.4
832,128.42398369999864,,80.4,down,2,14.4
833,128.48374919999878,,75.9,down,2,14.7
834,128.5585366999985,,74.2,down,2,14.5
835,128.64263129999927,,73.3,down,2,14.3
836,128.71485649999886,,69.1,down,2,14.2
837,128.78165959999933,,68.3,down,2,14.3
838,128.85606989999906,,68.4,down,2,14.2
839,128.92007249999915,,69.9,down,2,14.4
840,128.97628199999963,,71.4,down,2,14.7
841,129.03902339999877,,72.6,down,2,14.8
842,129.10858009999902,,80.2,down,2,14.8
843,129.17446019999988,,85.5,down,2,14.8
844,129.23336019999988,,98.9,down,2,15.0
845,129.29746650000016,,103.6,up,2,15.1
846,129.36395559999983,,106.6,up,2,15.1
847,129.42649729999903,,111.6,up,2,15.2
848,129.4987919999985,,133.6,up,2,15.0
849,129.5708608999994,,144.3,up,2,14.9
850,129.62973909999891,,165.6,up,2,15.1
851,129.6940395999991,,169.4,up,2,15.2
852,129.7472308999986,,171.8,up,2,15.5
853,129.82877139999982,,173.1,up,3,15.2
854,129.90703029999895,,173.6,up,3,15.0
855,129.9776099999999,,172.5,up,3,14.9
856,130.05042629999843,,169.8,up,3,14.8
857,130.13191779999943,,169.9,up,3,14.5
858,130.19727729999977,,168.9,up,3,14.6
859,130.26013799999964,,168.6,up,3,14.7
860,130.3255577,,167.3,up,3,14.8
861,130.39755929999956,,167.3,up,3,14.7
862,130.46096109999962,,165.4,up,3,14.8
863,130.53043479999906,,161.8,up,3,14.8
864,130.6088450999996,,159.4,up,3,14.6
865,130.6683591000001,,154.7,up,3,14.8
866,130.72778049999943,,153.7,up,3,15.0
867,130.80132459999913,,151.0,up,3,14.9
868,130.85991459999968,,137.4,up,3,15.1
869,130.92466929999864,,128.5,up,3,15.1
870,131.01554319999923,,122.2,up,3,14.7
871,131.08209769999849,,109.6,up,3,14.7
872,131.15071309999985,,105.9,up,3,14.7
873,131.22682859999986,,95.9,down,3,14.6
874,131.28614500000003,,92.0,down,3,14.8
875,131.34820209999998,,88.5,down,3,14.9
876,131.4298930999994,,86.8,down,3,14.7
877,131.50084489999972,,85.0,down,3,14.6
878,131.56912779999948,,81.3,down,3,14.6
879,131.6267468999995,,82.2,down,3,14.9
880,131.6977793999995,,82.7,down,3,14.8
881,131.755924699999,,83.0,down,3,15.0
882,131.82526629999848,,85.5,down,3,15.0
883,131.9000261000001,,87.9,down,3,14.8
884,131.96993139999904,,102.8,up,3,14.8
885,132.0334925999996,,109.5,up,3,14.9
886,132.11180029999923,,115.0,up,3,14.7
887,132.17028239999854,,131.0,up,3,14.9
888,132.22923850000006,,136.4,up,3,15.1
889,132.3130025999999,,140.4,up,3,14.8
890,132.3817913999992,,158.8,up,3,14.8
891,132.46827649999977,,165.1,up,3,14.4
892,132.55716529999881,,174.7,up,3,14.1
893,132.61293569999907,,174.7,up,4,14.5
894,132.68878760000007,,169.0,up,4,14.4
895,132.7612853999999,,166.7,up,4,14.3
896,132.82641139999942,,168.1,up,4,14.4
897,132.88791449999917,,169.8,up,4,14.6
898,132.95519160000003,,166.6,up,4,14.6
899,133.02948449999894,,166.4,up,4,14.5
900,133.08895979999943,,164.8,up,4,14.7
901,133.15875569999844,,164.8,up,4,14.7
902,133.22834489999877,,165.1,up,4,14.7
903,133.29953589999968,,164.5,up,4,14.6
904,133.3540882999987,,164.4,up,4,15.0
905,133.42967709999903,,164.0,up,4,14.8
906,133.49408159999984,,162.4,up,4,14.9
907,133.55333449999853,,157.1,up,4,15.1
908,133.62588479999977,,153.0,up,4,14.9
909,133.68929539999954,,151.2,up,4,15.0
910,133.75264769999922,,133.7,up,4,15.1
911,133.82759129999977,,126.4,up,4,14.9
912,133.8927006999984,,120.9,up,4,15.0
913,133.95599269999911,,109.3,up,4,15.1
914,134.02993439999955,,106.0,up,4,14.9
915,134.0968458999996,,100.5,up,4,14.9
916,134.16844630000014,,89.7,down,4,14.8
917,134.2327155999992,,88.5,down,4,14.9
918,134.3057804,,87.6,down,4,14.8
919,134.36514699999861,,89.8,down,4,15.0
920,134.4285622999996,,90.7,down,4,15.1
921,134.50744750000013,,91.0,down,4,14.8
922,134.57097479999902,,94.5,down,4,14.9
923,134.63488629999847,,99.1,down,4,15.0
924,134.71053629999915,,103.7,up,4,14.8
925,134.7726516999992,,125.8,up,4,14.9
926,134.8415649999988,,135.7,up,4,14.9
927,134.92197229999874,,152.7,up,4,14.6
928,134.97683119999965,,154.5,up,4,15.0
929,135.05984949999947,,158.4,up,4,14.7
930,135.12710229999902,,168.6,up,4,14.7
931,135.19437789999938,,173.2,up,4,14.7
932,135.25600499999928,,175.2,up,4,14.9
933,135.3192841,,173.6,up,4,15.0
934,135.39992769999844,,172.3,up,4,14.7
935,135.4650193999987,,172.0,up,4,14.8
936,135.52348119999988,,173.2,up,4,15.0
937,135.59288239999842,,172.2,up,4,15.0
938,135.6493687000002,,170.1,up,4,15.2
939,135.7149019999997,,170.1,up,4,15.2
940,135.79150599999957,,170.3,up,4,15.0
941,135.86019529999976,,170.0,up,4,15.0
942,135.91966039999897,,168.8,up,4,15.2
943,135.9962990999993,,168.5,up,4,14.9
944,136.06277659999978,,167.7,up,4,15.0
945,136.1340169999985,,167.7,up,4,14.9
946,136.1900372,,167.2,up,4,15.2
947,136.25442609999845,,165.9,up,4,15.2
948,136.31415489999927,,159.4,up,4,15.4
949,136.37604079999983,,154.1,up,4,15.4
950,136.44037549999848,,151.2,up,4,15.4
951,136.5077953,,124.5,up,4,15.4
952,136.57504019999942,,118.1,up,4,15.3
953,136.6436356999984,,117.0,up,4,15.3
954,136.70476079999935,,111.2,up,4,15.4
955,136.76546729999973,,99.4,down,4,15.5
956,136.82749169999988,,93.6,down,4,15.5
957,136.9034155999998,,92.4,down,4,15.3
958,136.98929439999847,,85.3,down,4,14.9
959,137.05227999999988,,82.6,down,4,15.0
960,137.13446919999842,,78.6,down,4,14.7
961,137.20442719999846,,79.2,down,4,14.7
962,137.27146589999938,,78.2,down,4,14.7
963,137.3417045999995,,80.1,down,4,14.7
964,137.41495099999884,,79.9,down,4,14.6
965,137.49197259999892,,83.4,down,4,14.4
966,137.5572674999985,,88.8,down,4,14.5
967,137.62183939999886,,95.0,down,4,14.6
968,137.69331919999968,,116.2,up,4,14.5
969,137.75956249999945,,123.6,up,4,14.6
970,137.8364314999999,,143.1,up,4,14.4
971,137.89714139999887,,152.8,up,4,14.6
972,137.9679830999994,,155.5,up,4,14.6
973,138.03639339999972,,168.6,up,4,14.6
974,138.094248899999,,170.8,up,4,14.9
975,138.17362219999995,,173.8,up,5,14.6
976,138.23752759999843,,173.2,up,5,14.7
977,138.2945536999996,,172.2,up,5,15.0
978,138.35899479999898,,170.5,up,5,15.1
979,138.46074389999922,,170.0,up,5,14.5
980,138.51337019999846,,169.2,up,5,15.0
981,138.57332399999905,,169.1,up,5,15.2
982,138.65024110000013,,168.4,up,5,14.9
983,138.71183909999854,,168.9,up,5,15.1
984,138.77404810000007,,168.2,up,5,15.2
985,138.84221629999956,,169.0,up,5,15.1
986,138.90895669999918,,169.4,up,5,15.1
987,138.97645909999846,,169.2,up,5,15.1
988,139.04922799999986,,169.2,up,5,14.9
989,139.11552329999904,,168.1,up,5,15.0
990,139.18671269999868,,166.6,up,5,14.9
991,139.26053759999922,,154.9,up,5,14.7
992,139.32306049999897,,150.6,up,5,14.9
993,139.38450139999986,,145.7,up,5,15.0
994,139.45952619999844,,121.3,up,5,14.8
995,139.52746669999942,,114.4,up,5,14.8
996,139.5989140999991,,109.9,up,5,14.7
997,139.68236009999964,,95.9,down,5,14.5
998,139.74668389999897,,93.4,down,5,14.6
999,139.83103779999874,,89.0,down,5,14.3
1000,139.89571849999993,,82.8,down,5,14.4
1001,139.96752209999977,,80.3,down,5,14.4
1002,140.03658079999877,,77.1,down,5,14.4
1003,140.10347639999964,,76.7,down,5,14.4
1004,140.16521939999984,,76.7,down,5,14.6
1005,140.22709779999968,,78.1,down,5,14.8
1006,140.28963029999977,,79.9,down,5,14.9
1007,140.35897289999957,,81.2,down,5,14.8
1008,140.41737319999993,,92.3,down,5,15.1
1009,140.4833237999992,,98.8,down,5,15.1
1010,140.5511134999997,,107.2,up,5,15.0
1011,140.62108499999886,,128.2,up,5,15.0
1012,140.68312629999855,,135.4,up,5,15.1
1013,140.7496104999991,,140.1,up,5,15.1
1014,140.83130589999928,,157.6,up,5,14.8
1015,140.89575879999938,,162.7,up,5,14.9
1016,140.96685350000007,,171.4,up,5,14.8
1017,141.04475229999844,,174.6,up,6,14.6
1018,141.1050379999997,,173.7,up,6,14.8
1019,141.1661351999992,,170.4,up,6,15.0
1020,141.23400499999843,,169.7,up,6,14.9
1021,141.29976669999996,,169.3,up,6,15.0
1022,141.36338109999997,,170.7,up,6,15.0
1023,141.42011719999937,,170.6,up,6,15.3
1024,141.48469019999902,,170.3,up,6,15.3
1025,141.55872979999913,,169.6,up,6,15.1
1026,141.62416369999846,,168.7,up,6,15.1
1027,141.69468289999895,,168.8,up,6,15.0
1028,141.76003059999857,,168.2,up,6,15.1
1029,141.81856919999882,,168.0,up,6,15.3
1030,141.89554169999974,,167.3,up,6,15.0
1031,141.96665009999924,,160.1,up,6,14.9
1032,142.04206389999854,,152.8,up,6,14.8
1033,142.1188977999991,,150.0,up,6,14.6
1034,142.18448999999964,,126.1,up,6,14.7
1035,142.24134549999872,,118.6,up,6,15.0
1036,142.3230296999991,,114.3,up,6,14.7
1037,142.3867898999997,,101.0,up,6,14.8
1038,142.44594659999893,,92.7,down,6,15.0
1039,142.51079489999938,,92.3,down,6,15.0
1040,142.58558289999928,,85.0,down,6,14.9
1041,142.6443163999993,,83.0,down,6,15.1
1042,142.70672149999882,,83.4,down,6,15.2
1043,142.79566069999964,,85.9,down,6,14.8
1044,142.8577250999988,,87.2,down,6,14.9
1045,142.91873379999925,,86.2,down,6,15.1
1046,142.99163489999955,,91.0,down,6,14.9
1047,143.05235139999968,,94.1,down,6,15.1
1048,143.1130091999985,,101.0,up,6,15.2
1049,143.1874448999988,,118.4,up,6,15.0
1050,143.25574309999865,,131.6,up,6,15.0
1051,143.32135939999898,,132.1,up,6,15.0
1052,143.4052273999987,,146.2,up,6,14.7
1053,143.47580599999856,,150.8,up,6,14.7
1054,143.54612180000004,,166.2,up,6,14.6
1055,143.63049209999917,,168.2,up,6,14.3
1056,143.68782309999915,,171.9,up,7,14.7
1057,143.7473676999998,,172.3,up,7,14.9
1058,143.81042369999886,,172.8,up,7,15.0
1059,143.87833580000006,,171.1,up,7,14.9
1060,143.9450586999992,,169.6,up,7,14.9
1061,144.02494379999916,,169.0,up,7,14.7
1062,144.0894406999996,,169.4,up,7,14.8
1063,144.14679149999938,,170.1,up,7,15.0
1064,144.21547729999838,,169.3,up,7,15.0
1065,144.29882969999926,,168.3,up,7,14.7
1066,144.35592389999874,,169.1,up,7,15.0
1067,144.42865119999988,,169.0,up,7,14.9
1068,144.50356359999932,,167.0,up,7,14.7
1069,144.5658472999985,,158.5,up,7,14.8
1070,144.6268900999985,,154.3,up,7,15.0
1071,144.69938219999858,,151.5,up,7,14.9
1072,144.75626819999889,,135.1,up,7,15.1
1073,144.82463899999857,,126.5,up,7,15.1
1074,144.88869259999956,,118.1,up,7,15.1
1075,144.95624159999898,,104.3,up,7,15.1
1076,145.0113614999991,,101.7,up,7,15.4
1077,145.0766322999989,,99.3,down,7,15.4
1078,145.14043489999858,,90.6,down,7,15.4
1079,145.2192071999998,,86.6,down,7,15.2
1080,145.28615720000016,,85.7,down,7,15.1
1081,145.35023199999887,,83.6,down,7,15.2
1082,145.415718799999,,83.5,down,7,15.2
1083,145.4777639999993,,83.0,down,7,15.3
1084,145.5391439999985,,84.7,down,7,15.4
1085,145.6141418999996,,86.9,down,7,15.2
1086,145.67692569999963,,88.4,down,7,15.3
1087,145.73962679999931,,96.2,down,7,15.3
1088,145.8253851999998,,101.8,up,7,15.0
1089,145.90484419999848,,108.0,up,7,14.7
1090,145.96373589999894,,126.2,up,7,14.9
1091,146.0470346000002,,135.5,up,7,14.7
1092,146.10607399999935,,156.4,up,7,14.9
1093,146.16510409999864,,159.5,up,7,15.1
1094,146.21897569999965,,162.3,up,7,15.4
1095,146.29351609999867,,161.4,up,7,15.2
1096,146.3541013999984,,170.0,up,8,15.4
1097,146.42279589999998,,173.1,up,8,15.3
1098,146.49658939999972,,172.1,up,8,15.1
1099,146.5708825999991,,171.0,up,8,14.9
1100,146.64403820000007,,170.4,up,8,14.8
1101,146.70705679999992,,168.4,up,8,14.9
1102,146.76606039999933,,167.9,up,8,15.1
1103,146.82861009999942,,169.0,up,8,15.2
1104,146.89717839999867,,168.4,up,8,15.1
1105,146.97516099999848,,167.6,up,8,14.9
1106,147.04219669999839,,167.1,up,8,14.9
1107,147.11191729999882,,162.4,up,8,14.9
1108,147.18862289999925,,159.8,up,8,14.7
1109,147.24905679999938,,155.7,up,8,14.9
1110,147.32419010000012,,136.9,up,8,14.7
1111,147.38909609999973,,130.7,up,8,14.8
1112,147.44661429999906,,123.1,up,8,15.0
1113,147.5101614999985,,108.6,up,8,15.1
1114,147.57968970000002,,102.8,up,8,15.0
1115,147.6496877999998,,100.5,up,8,15.0
1116,147.7127247999997,,91.3,down,8,15.1
1117,147.79400969999915,,88.9,down,8,14.8
1118,147.8673834000001,,82.7,down,8,14.7
1119,147.92276219999985,,83.1,down,8,15.0
1120,147.99017789999925,,83.8,down,8,15.0
1121,148.06506919999993,,83.2,down,8,14.8
1122,148.11933539999882,,82.4,down,8,15.2
1123,148.1915012999998,,84.0,down,8,15.0
1124,148.25668269999915,,88.5,down,8,15.1
1125,148.3186455999985,,98.6,down,8,15.2
1126,148.38508059999913,,105.2,up,8,15.2
1127,148.4453950999996,,110.6,up,8,15.3
1128,148.51556699999855,,128.1,up,8,15.2
1129,148.57406899999842,,136.5,up,8,15.4
1130,148.6513718999995,,140.7,up,8,15.1
1131,148.70967149999888,,162.4,up,8,15.3
1132,148.77007699999922,,166.5,up,8,15.5
1133,148.85296799999924,,168.3,up,8,15.1
1134,148.92005139999856,,174.3,up,9,15.1
1135,148.99445259999993,,173.9,up,9,14.9
1136,149.07344099999864,,174.7,up,9,14.7
1137,149.14783259999967,,174.2,up,9,14.6
1138,149.2076769999985,,173.3,up,9,14.8
1139,149.29140109999935,,174.5,up,9,14.5
1140,149.36728419999963,,172.2,up,9,14.4
1141,149.43417369999952,,170.4,up,9,14.4
1142,149.5075941999985,,169.5,up,9,14.4
1143,149.56960089999848,,170.5,up,9,14.5
1144,149.63954009999907,,171.1,up,9,14.5
1145,149.71316699999988,,171.3,up,9,14.4
1146,149.77963839999939,,171.0,up,9,14.5
1147,149.8459946999992,,170.3,up,9,14.5
1148,149.90429140000015,,170.3,up,9,14.8
1149,149.9713716999995,,170.2,up,9,14.8
1150,150.0317271999993,,169.5,up,9,15.0
1151,150.09613179999906,,161.6,up,9,15.0
1152,150.16113739999855,,156.8,up,9,15.1
1153,150.23289769999974,,147.3,up,9,15.0
1154,150.29556629999934,,140.9,up,9,15.1
1155,150.36078499999894,,136.9,up,9,15.1
1156,150.42714109999906,,133.2,up,9,15.1
1157,150.48505459999978,,112.4,up,9,15.3
1158,150.5452295999985,,107.9,up,9,15.4
1159,150.6103889999995,,106.5,up,9,15.4
1160,150.68075129999852,,98.1,down,9,15.3
1161,150.73914999999943,,95.0,down,9,15.5
1162,150.80743489999986,,93.4,down,9,15.4
1163,150.86151699999937,,90.9,down,9,15.7
1164,150.9349043000002,,85.7,down,9,15.5
1165,150.9928235999996,,84.6,down,9,15.7
1166,151.0578551999988,,84.8,down,9,15.6
1167,151.11411809999845,,84.9,down,9,15.9
1168,151.168456899999,,84.7,down,9,16.1
1169,151.23583419999886,,85.0,down,9,16.0
1170,151.29839529999845,,85.8,down,9,16.0
1171,151.36319269999876,,91.5,down,9,15.9
1172,151.4239936999984,,94.0,down,9,16.0
1173,151.488700599999,,98.2,down,9,15.9
1174,151.55421429999842,,111.0,up,9,15.9
1175,151.61691149999933,,119.4,up,9,15.9
1176,151.67967789999966,,128.5,up,9,15.9
1177,151.7449663999996,,134.4,up,9,15.8
1178,151.81075189999865,,150.6,up,9,15.8
1179,151.88715429999866,,156.5,up,9,15.5
1180,151.94655769999918,,165.9,up,9,15.6
1181,152.0071859999989,,167.7,up,9,15.7
1182,152.07591369999864,,171.3,up,10,15.6
